{
  "project_info": {
    "project_number": "1007908997927",
    "firebase_url": "https://ffastvpn-3b3ac.firebaseio.com",
    "project_id": "ffastvpn-3b3ac",
    "storage_bucket": "ffastvpn-3b3ac.appspot.com"
  },
  "client": [
    {
      "client_info": {
        "mobilesdk_app_id": "1:1007908997927:android:0ff6ee7459d2e98fbd3702",
        "android_client_info": {
          "package_name": "ffast.vpn.free"
        }
      },
      "oauth_client": [
        {
          "client_id": "1007908997927-5v152ag2jt0krv6pl0mefjej2evlf3ip.apps.googleusercontent.com",
          "client_type": 3
        }
      ],
      "api_key": [
        {
          "current_key": "AIzaSyDL_LA_8EwLilNemuX7Rh2tasljn4Ngfwo"
        }
      ],
      "services": {
        "appinvite_service": {
          "other_platform_oauth_client": [
            {
              "client_id": "1007908997927-5v152ag2jt0krv6pl0mefjej2evlf3ip.apps.googleusercontent.com",
              "client_type": 3
            }
          ]
        }
      }
    }
  ],
  "configuration_version": "1"
}